{
  "anchor": {
    "same": 0.4166604870705118,
    "diff": 0.3542707538906494,
    "delta": 0.062389733179862406,
    "cohen_d": 0.5987639243764828,
    "p": 6.5367057385546774e-223,
    "n_segs": 194,
    "signal": true
  },
  "align": {
    "raw": {
      "1": 0.14285714285714285,
      "5": 0.6122448979591837,
      "10": 0.6530612244897959
    },
    "learned": {
      "1": 0.3469387755102041,
      "5": 0.6326530612244898,
      "10": 0.6938775510204082
    },
    "n_test": 49,
    "random_r1": 0.02040816326530612
  },
  "sentiment_naive": {
    "labeled": 279,
    "dist": {
      "analysis": 70,
      "joke": 176,
      "confusion": 25,
      "awe": 4,
      "emotion": 4
    },
    "acc": 0.6666666666666666,
    "majority": 0.7,
    "n_types": 3
  }
}