{
  "raw": {
    "1": 0.14285714285714285,
    "5": 0.6122448979591837,
    "10": 0.6530612244897959
  },
  "learned": {
    "1": 0.3469387755102041,
    "5": 0.6326530612244898,
    "10": 0.6938775510204082
  },
  "n_test": 49,
  "random_r1": 0.02040816326530612
}