{
  "same": 0.4166604870705118,
  "diff": 0.3542707538906494,
  "delta": 0.062389733179862406,
  "cohen_d": 0.5987639243764828,
  "p": 6.5367057385546774e-223,
  "n_segs": 194,
  "signal": true
}