{
  "random": {
    "1": 0.02564102564102564,
    "5": 0.1282051282051282,
    "10": 0.2564102564102564
  },
  "raw_bge": {
    "1": 0.41025641025641024,
    "5": 0.6153846153846154,
    "10": 0.7692307692307693
  },
  "learned": {
    "1": 0.10256410256410256,
    "5": 0.38461538461538464,
    "10": 0.5897435897435898
  },
  "n_test": 39
}