{
  "n": 1081,
  "base": {
    "acc": 0.6008583690987125,
    "auc": 0.5929467084639498
  },
  "learned": {
    "acc": 0.5793991416309013,
    "auc": 0.5217084639498433
  },
  "median": 2
}