{
  "baseline": {
    "sil": -0.09600810706615448,
    "probe": 0.25
  },
  "learned": {
    "sil": -0.3315064013004303,
    "probe": 0.25
  },
  "n_videos": 10,
  "n_train": 139,
  "n_test": 32
}