{
  "base": {
    "金句": null,
    "动作": 0.8326570048309179,
    "情感": 0.7710144927536231,
    "悬念": 0.806183574879227,
    "描写": 0.743671497584541
  },
  "learned": {
    "金句": null,
    "动作": 0.8326570048309179,
    "情感": 0.7710144927536231,
    "悬念": 0.806183574879227,
    "描写": 0.647536231884058
  },
  "mean_delta": -0.024033816425120758,
  "dims": [
    "金句",
    "动作",
    "情感",
    "悬念",
    "描写"
  ]
}