{
  "accuracy": 0.4444444444444444,
  "n": 18,
  "p_value": 0.7596588134765625,
  "correct": 8
}