{
  "real": {
    "n_videos": 24,
    "dim_recurrence": {
      "音乐": 0.08333333333333333,
      "节奏": 0.08333333333333333,
      "情感": 0.5,
      "剧情": 0.4166666666666667,
      "演技": 0.041666666666666664,
      "细节": 0.16666666666666666,
      "画面": 0.08333333333333333
    }
  },
  "token_shuffle": {
    "n_videos": 7,
    "dim_recurrence": {
      "演技": 0.14285714285714285,
      "情感": 0.42857142857142855,
      "剧情": 0.5714285714285714,
      "画面": 0.14285714285714285,
      "细节": 0.14285714285714285,
      "整体": 0.14285714285714285
    }
  },
  "generic": {
    "n_videos": 29,
    "dim_recurrence": {
      "情感": 0.9655172413793104,
      "演技": 0.1724137931034483,
      "剧情": 0.034482758620689655
    }
  },
  "cross_swap": {
    "n_videos": 27,
    "dim_recurrence": {
      "剧情": 0.25925925925925924,
      "节奏": 0.037037037037037035,
      "情感": 0.3333333333333333,
      "演技": 0.07407407407407407,
      "细节": 0.037037037037037035,
      "音乐": 0.037037037037037035
    }
  }
}