{
  "video": "我的世界克苏鲁全集：一口气看完",
  "bvid": "BV1GyZYYNErW",
  "duration": 4236,
  "total_classified": 169,
  "peaks": {
    "剧情": {
      "peak_bin": 1,
      "peak_time": 30,
      "peak_density": 1.0,
      "mean_density": 0.59037558685446,
      "peak_ratio": 1.693836978131213
    },
    "画面": {
      "peak_bin": 94,
      "peak_time": 2820,
      "peak_density": 0.5,
      "mean_density": 0.005868544600938967,
      "peak_ratio": 50.0
    },
    "情感共鸣": {
      "peak_bin": 0,
      "peak_time": 0,
      "peak_density": 0.3333333333333333,
      "mean_density": 0.003472222222222222,
      "peak_ratio": 33.33333333333333
    }
  },
  "dim_entropy": {
    "剧情": 0.8957967009580193,
    "画面": 0.13580208897261442,
    "情感共鸣": -0.0
  }
}