{
  "video": "射手，我们该算算旧账了！",
  "bvid": "BV17tZhYMEDq",
  "duration": 204,
  "total_classified": 79,
  "peaks": {
    "细节": {
      "peak_bin": 3,
      "peak_time": 90,
      "peak_density": 0.875,
      "mean_density": 0.736400504257647,
      "peak_ratio": 1.1882121141159088
    },
    "剧情": {
      "peak_bin": 1,
      "peak_time": 30,
      "peak_density": 0.3076923076923077,
      "mean_density": 0.11994553065981638,
      "peak_ratio": 2.5652669674284865
    },
    "情感共鸣": {
      "peak_bin": 2,
      "peak_time": 60,
      "peak_density": 0.5714285714285714,
      "mean_density": 0.14365396508253653,
      "peak_ratio": 3.9778127328421222
    }
  },
  "dim_entropy": {
    "细节": 0.9855895871553122,
    "剧情": 0.78807788963373,
    "情感共鸣": 0.5447114137764152
  }
}