{
  "video": "我的世界克苏鲁全集：一口气看完",
  "bvid": "BV1GyZYYNErW",
  "duration": 4236,
  "total_classified": 135,
  "peaks": {
    "剧情": {
      "peak_bin": 1,
      "peak_time": 30,
      "peak_density": 1.0,
      "mean_density": 0.43661971830985913,
      "peak_ratio": 2.2903225806451615
    },
    "画面": {
      "peak_bin": 0,
      "peak_time": 0,
      "peak_density": 0.5,
      "mean_density": 0.007042253521126761,
      "peak_ratio": 50.0
    }
  },
  "dim_entropy": {
    "剧情": 0.8350400710477922,
    "画面": 0.13986508659473787
  }
}