{
  "video": "《王 牌 空 姐》",
  "bvid": "BV1GEZEYdEwn",
  "duration": 1447,
  "total_classified": 16,
  "peaks": {
    "剧情": {
      "peak_bin": 0,
      "peak_time": 0,
      "peak_density": 1.0,
      "mean_density": 0.19791666666666666,
      "peak_ratio": 5.052631578947369
    },
    "整体": {
      "peak_bin": 0,
      "peak_time": 0,
      "peak_density": 1.0,
      "mean_density": 0.05319148936170213,
      "peak_ratio": 18.8
    },
    "演技": {
      "peak_bin": 0,
      "peak_time": 0,
      "peak_density": 0.5,
      "mean_density": 0.024390243902439025,
      "peak_ratio": 20.5
    }
  },
  "dim_entropy": {
    "剧情": 0.590972471518792,
    "整体": 0.2739947339986646,
    "演技": 0.18665241123894338
  }
}