{
  "video": "“把怪兽叫来，我让你把怪兽叫来！”",
  "bvid": "BV1q2ZtYtExy",
  "duration": 151,
  "total_classified": 26,
  "peaks": {
    "剧情": {
      "peak_bin": 4,
      "peak_time": 120,
      "peak_density": 0.8333333333333334,
      "mean_density": 0.525,
      "peak_ratio": 1.5873015873015872
    },
    "整体": {
      "peak_bin": 1,
      "peak_time": 30,
      "peak_density": 0.4,
      "mean_density": 0.1638888888888889,
      "peak_ratio": 2.440677966101695
    },
    "音乐": {
      "peak_bin": 2,
      "peak_time": 60,
      "peak_density": 0.5,
      "mean_density": 0.13999999999999999,
      "peak_ratio": 3.5714285714285716
    },
    "画面": {
      "peak_bin": 0,
      "peak_time": 0,
      "peak_density": 0.08333333333333333,
      "mean_density": 0.041666666666666664,
      "peak_ratio": 2.0
    },
    "演技": {
      "peak_bin": 0,
      "peak_time": 0,
      "peak_density": 0.08333333333333333,
      "mean_density": 0.041666666666666664,
      "peak_ratio": 2.0
    }
  },
  "dim_entropy": {
    "剧情": 0.879761982267032,
    "整体": 0.6031947913711891,
    "音乐": 0.3717257956726267,
    "画面": -0.0,
    "演技": -0.0
  }
}