{
  "video": "为什么人类需要不断吃盐，而动物们却不用？",
  "bvid": "BV1wFZ8YBEt4",
  "duration": 198,
  "total_classified": 46,
  "peaks": {
    "节奏": {
      "peak_bin": 3,
      "peak_time": 90,
      "peak_density": 1.0,
      "mean_density": 0.744047619047619,
      "peak_ratio": 1.344
    },
    "整体": {
      "peak_bin": 1,
      "peak_time": 30,
      "peak_density": 1.0,
      "mean_density": 0.20833333333333331,
      "peak_ratio": 4.800000000000001
    },
    "剧情": {
      "peak_bin": 0,
      "peak_time": 0,
      "peak_density": 0.3333333333333333,
      "mean_density": 0.06666666666666667,
      "peak_ratio": 5.0
    }
  },
  "dim_entropy": {
    "节奏": 0.8957270551449746,
    "整体": 0.4145327358664367,
    "剧情": -0.0
  }
}