{
  "video": "以前光顾着看陀螺了！一个角色为啥比动画还火？",
  "bvid": "BV1dEfKYcENK",
  "duration": 836,
  "total_classified": 64,
  "peaks": {
    "剧情": {
      "peak_bin": 0,
      "peak_time": 0,
      "peak_density": 1.0,
      "mean_density": 0.7029761904761905,
      "peak_ratio": 1.422523285351397
    },
    "画面": {
      "peak_bin": 0,
      "peak_time": 0,
      "peak_density": 0.16666666666666666,
      "mean_density": 0.01282051282051282,
      "peak_ratio": 13.0
    },
    "整体": {
      "peak_bin": 7,
      "peak_time": 210,
      "peak_density": 0.5,
      "mean_density": 0.22037037037037038,
      "peak_ratio": 2.26890756302521
    }
  },
  "dim_entropy": {
    "剧情": 0.9221614202296424,
    "画面": 0.21274605355336318,
    "整体": 0.791413184254755
  }
}