{
  "video": "海龟汤（2）",
  "bvid": "BV1H5Z4YhEsn",
  "duration": 707,
  "total_classified": 78,
  "peaks": {
    "整体": {
      "peak_bin": 4,
      "peak_time": 120,
      "peak_density": 1.0,
      "mean_density": 0.47767857142857145,
      "peak_ratio": 2.0934579439252334
    },
    "剧情": {
      "peak_bin": 3,
      "peak_time": 90,
      "peak_density": 1.0,
      "mean_density": 0.1552579365079365,
      "peak_ratio": 6.440894568690096
    },
    "演技": {
      "peak_bin": 8,
      "peak_time": 240,
      "peak_density": 1.0,
      "mean_density": 0.20039682539682543,
      "peak_ratio": 4.990099009900989
    }
  },
  "dim_entropy": {
    "整体": 0.8566649504897133,
    "剧情": 0.5987986911234094,
    "演技": 0.6645110360284601
  }
}