{
  "video": "《崩坏：星穹铁道》动画短片：「那安息的长夜」",
  "bvid": "BV16io9YTEqH",
  "duration": 1798,
  "total_classified": 101,
  "peaks": {
    "情感共鸣": {
      "peak_bin": 5,
      "peak_time": 150,
      "peak_density": 0.5,
      "mean_density": 0.05082972582972582,
      "peak_ratio": 9.836763662171755
    },
    "画面": {
      "peak_bin": 8,
      "peak_time": 240,
      "peak_density": 0.75,
      "mean_density": 0.081516354016354,
      "peak_ratio": 9.200607768221985
    },
    "整体": {
      "peak_bin": 3,
      "peak_time": 90,
      "peak_density": 0.4444444444444444,
      "mean_density": 0.0326058201058201,
      "peak_ratio": 13.630831643002029
    },
    "剧情": {
      "peak_bin": 14,
      "peak_time": 420,
      "peak_density": 0.8,
      "mean_density": 0.07504810004810004,
      "peak_ratio": 10.659830155423812
    },
    "细节": {
      "peak_bin": 0,
      "peak_time": 0,
      "peak_density": 0.25,
      "mean_density": 0.011111111111111112,
      "peak_ratio": 22.5
    }
  },
  "dim_entropy": {
    "情感共鸣": 0.549786964182693,
    "画面": 0.6305242337451844,
    "整体": 0.48912273005285534,
    "剧情": 0.5346224858420893,
    "细节": 0.25775582136471664
  }
}