{
  "video": "《 她 她 她 》",
  "bvid": "BV127ZvYhEHb",
  "duration": 255,
  "total_classified": 216,
  "peaks": {
    "剪辑": {
      "peak_bin": 8,
      "peak_time": 240,
      "peak_density": 0.76,
      "mean_density": 0.4653646071721711,
      "peak_ratio": 1.6331280640747623
    },
    "演技": {
      "peak_bin": 7,
      "peak_time": 210,
      "peak_density": 0.21428571428571427,
      "mean_density": 0.08143178804469127,
      "peak_ratio": 2.631474998045116
    },
    "剧情": {
      "peak_bin": 5,
      "peak_time": 150,
      "peak_density": 0.15384615384615385,
      "mean_density": 0.07776374950596308,
      "peak_ratio": 1.9783788053372686
    },
    "音乐": {
      "peak_bin": 5,
      "peak_time": 150,
      "peak_density": 0.15384615384615385,
      "mean_density": 0.06835399969576833,
      "peak_ratio": 2.250726431970274
    },
    "情感共鸣": {
      "peak_bin": 4,
      "peak_time": 120,
      "peak_density": 0.5,
      "mean_density": 0.2780076939601412,
      "peak_ratio": 1.7985113752703783
    },
    "整体": {
      "peak_bin": 5,
      "peak_time": 150,
      "peak_density": 0.07692307692307693,
      "mean_density": 0.02907816162126507,
      "peak_ratio": 2.6453899639522787
    }
  },
  "dim_entropy": {
    "剪辑": 0.9779814399434846,
    "演技": 0.7781500556255821,
    "剧情": 0.8966836127219009,
    "音乐": 0.7752248161692054,
    "情感共鸣": 0.9705872998736013,
    "整体": 0.7032405040259964
  }
}