{
  "video": "震撼世界的72天：巴黎公社为何爆发？又为何失败？【历史调研室71】",
  "bvid": "BV1BtZJYBE4G",
  "duration": 3081,
  "total_classified": 331,
  "peaks": {
    "剧情": {
      "peak_bin": 0,
      "peak_time": 0,
      "peak_density": 1.0,
      "mean_density": 0.6166682159771822,
      "peak_ratio": 1.621617547477105
    },
    "情感共鸣": {
      "peak_bin": 34,
      "peak_time": 1020,
      "peak_density": 1.0,
      "mean_density": 0.055349574173103586,
      "peak_ratio": 18.066986330780793
    },
    "整体": {
      "peak_bin": 3,
      "peak_time": 90,
      "peak_density": 1.0,
      "mean_density": 0.12296896485867075,
      "peak_ratio": 8.132133186201155
    }
  },
  "dim_entropy": {
    "剧情": 0.9152633441177915,
    "情感共鸣": 0.49797349325198254,
    "整体": 0.6548664095370585
  }
}