{
  "video": "“鲁智深：林冲？好吧那我输的不冤”",
  "bvid": "BV1L8Z6YZEDS",
  "duration": 143,
  "total_classified": 53,
  "peaks": {
    "细节": {
      "peak_bin": 0,
      "peak_time": 0,
      "peak_density": 0.5,
      "mean_density": 0.12666666666666668,
      "peak_ratio": 3.9473684210526314
    },
    "剧情": {
      "peak_bin": 1,
      "peak_time": 30,
      "peak_density": 0.6666666666666666,
      "mean_density": 0.53,
      "peak_ratio": 1.2578616352201257
    },
    "画面": {
      "peak_bin": 3,
      "peak_time": 90,
      "peak_density": 0.3333333333333333,
      "mean_density": 0.22333333333333333,
      "peak_ratio": 1.4925373134328357
    },
    "演技": {
      "peak_bin": 3,
      "peak_time": 90,
      "peak_density": 0.3333333333333333,
      "mean_density": 0.15,
      "peak_ratio": 2.2222222222222223
    }
  },
  "dim_entropy": {
    "细节": 0.4063093279759303,
    "剧情": 0.9796691959233206,
    "画面": 0.9365761156887085,
    "演技": 0.7076344750135478
  }
}