{
  "video": "错位的时空，命运的交织。",
  "bvid": "BV1xMZbYVE5v",
  "duration": 202,
  "total_classified": 36,
  "peaks": {
    "情感共鸣": {
      "peak_bin": 0,
      "peak_time": 0,
      "peak_density": 0.3333333333333333,
      "mean_density": 0.047619047619047616,
      "peak_ratio": 7.0
    },
    "整体": {
      "peak_bin": 3,
      "peak_time": 90,
      "peak_density": 1.0,
      "mean_density": 0.2619047619047619,
      "peak_ratio": 3.818181818181818
    },
    "剧情": {
      "peak_bin": 2,
      "peak_time": 60,
      "peak_density": 1.0,
      "mean_density": 0.6575091575091575,
      "peak_ratio": 1.5208913649025069
    },
    "画面": {
      "peak_bin": 0,
      "peak_time": 0,
      "peak_density": 0.23076923076923078,
      "mean_density": 0.038461538461538464,
      "peak_ratio": 6.0
    }
  },
  "dim_entropy": {
    "情感共鸣": -0.0,
    "整体": 0.5112896055631261,
    "剧情": 0.8866432451957719,
    "画面": -0.0
  }
}