{
  "video": "反转悬疑神剧！凶手死后继续作案，福尔摩斯来都得懵圈！",
  "bvid": "BV1XHmwYpE8s",
  "duration": 2325,
  "total_classified": 227,
  "peaks": {
    "剧情": {
      "peak_bin": 1,
      "peak_time": 30,
      "peak_density": 1.0,
      "mean_density": 0.5176525873507297,
      "peak_ratio": 1.9317975500090783
    },
    "整体": {
      "peak_bin": 20,
      "peak_time": 600,
      "peak_density": 1.0,
      "mean_density": 0.11095016954150082,
      "peak_ratio": 9.01305517722486
    },
    "叙事手法": {
      "peak_bin": 65,
      "peak_time": 1950,
      "peak_density": 1.0,
      "mean_density": 0.04004329004329004,
      "peak_ratio": 24.972972972972975
    },
    "情感共鸣": {
      "peak_bin": 0,
      "peak_time": 0,
      "peak_density": 0.25,
      "mean_density": 0.00625,
      "peak_ratio": 25.0
    },
    "演技": {
      "peak_bin": 0,
      "peak_time": 0,
      "peak_density": 0.3333333333333333,
      "mean_density": 0.023809523809523808,
      "peak_ratio": 14.0
    }
  },
  "dim_entropy": {
    "剧情": 0.8857625213923284,
    "整体": 0.677601081582757,
    "叙事手法": 0.3509723032537618,
    "情感共鸣": -0.0,
    "演技": -0.0
  }
}