{
  "video": "发个旧视频证明还在永久免费",
  "bvid": "BV19AZWY3EHr",
  "duration": 243,
  "total_classified": 33,
  "peaks": {
    "情感共鸣": {
      "peak_bin": 4,
      "peak_time": 120,
      "peak_density": 0.5,
      "mean_density": 0.223015873015873,
      "peak_ratio": 2.2419928825622777
    },
    "整体": {
      "peak_bin": 3,
      "peak_time": 90,
      "peak_density": 1.0,
      "mean_density": 0.3992063492063492,
      "peak_ratio": 2.5049701789264414
    },
    "细节": {
      "peak_bin": 0,
      "peak_time": 0,
      "peak_density": 0.4,
      "mean_density": 0.2,
      "peak_ratio": 2.0
    }
  },
  "dim_entropy": {
    "情感共鸣": 0.7220444658992695,
    "整体": 0.7750971350046733,
    "细节": -0.0
  }
}