{
  "video": "“鲁智深：林冲？好吧那我输的不冤”",
  "bvid": "BV1L8Z6YZEDS",
  "duration": 143,
  "total_classified": 53,
  "peaks": {
    "细节": {
      "peak_bin": 0,
      "peak_time": 0,
      "peak_density": 0.5,
      "mean_density": 0.14333333333333334,
      "peak_ratio": 3.488372093023256
    },
    "剧情": {
      "peak_bin": 1,
      "peak_time": 30,
      "peak_density": 0.8333333333333334,
      "mean_density": 0.5633333333333334,
      "peak_ratio": 1.4792899408284024
    },
    "画面": {
      "peak_bin": 4,
      "peak_time": 120,
      "peak_density": 0.3333333333333333,
      "mean_density": 0.17333333333333334,
      "peak_ratio": 1.923076923076923
    },
    "演技": {
      "peak_bin": 3,
      "peak_time": 90,
      "peak_density": 0.3333333333333333,
      "mean_density": 0.15,
      "peak_ratio": 2.2222222222222223
    }
  },
  "dim_entropy": {
    "细节": 0.4822425454018493,
    "剧情": 0.9693159731841595,
    "画面": 0.8013213925481232,
    "演技": 0.7076344750135478
  }
}