{
  "video": "我被电视剧片头曲“模仿”了却无能为力",
  "bvid": "BV1uioXYEE9F",
  "duration": 406,
  "total_classified": 248,
  "peaks": {
    "音乐": {
      "peak_bin": 4,
      "peak_time": 120,
      "peak_density": 0.9791666666666666,
      "mean_density": 0.6234591797091797,
      "peak_ratio": 1.5705385348939942
    },
    "整体": {
      "peak_bin": 1,
      "peak_time": 30,
      "peak_density": 0.5,
      "mean_density": 0.21297625985125984,
      "peak_ratio": 2.347679503570934
    },
    "情感共鸣": {
      "peak_bin": 9,
      "peak_time": 270,
      "peak_density": 0.5,
      "mean_density": 0.07244734432234433,
      "peak_ratio": 6.901564228156106
    },
    "其他": {
      "peak_bin": 6,
      "peak_time": 180,
      "peak_density": 0.25,
      "mean_density": 0.02505827505827506,
      "peak_ratio": 9.976744186046512
    }
  },
  "dim_entropy": {
    "音乐": 0.9471805424412404,
    "整体": 0.7934359680828629,
    "情感共鸣": 0.4756923387378647,
    "其他": 0.12906205299490098
  }
}